example1@gmail.com:password123
user2@yahoo.com:qwerty456
test.user@hotmail.com:abc123xyz
admin@gmail.com:admin2021
guest@yahoo.com:welcome
john.doe@gmail.com:johnssecurepassword
jane.smith@hotmail.com:jane2021!
developer@gmail.com:dev1234!
manager@yahoo.com:manage2024
user@hotmail.com:password789
alice@gmail.com:alice2024!
bob@yahoo.com:bobpassword
charlie@hotmail.com:charlie123
dave@gmail.com:dave2024
eve@yahoo.com:evesecret
frank@hotmail.com:frankie123
grace@gmail.com:gracepass
hank@yahoo.com:hank2021
isabel@hotmail.com:isabelpass
jack@gmail.com:jackspassword
karen@yahoo.com:karen2024!
leo@hotmail.com:leopass
mia@gmail.com:miapassword
nina@yahoo.com:ninasecret
oscar@hotmail.com:oscar123
peter@gmail.com:peterpass
quincy@yahoo.com:quincy2021
rachel@hotmail.com:rachelpass
sam@gmail.com:sam2024!
tina@yahoo.com:tina123
ursula@hotmail.com:ursulapass
victor@gmail.com:victor2021
wendy@yahoo.com:wendysecret
xavier@hotmail.com:xavierpass
yara@gmail.com:yarapassword
zane@yahoo.com:zane2024
anna@hotmail.com:annapass
ben@gmail.com:ben1234!
claire@yahoo.com:clairepass
dan@hotmail.com:danpassword
emily@gmail.com:emily2024
fred@yahoo.com:fredsecret
gina@hotmail.com:ginapass
harry@gmail.com:harry2021
ivy@yahoo.com:ivysecret
james@hotmail.com:jamespass
kate@gmail.com:kate2024
luke@yahoo.com:lukepassword
maya@hotmail.com:mayapass
nick@gmail.com:nick2021
olivia@yahoo.com:oliviasecret
paul@hotmail.com:paulpass
queen@gmail.com:queen2024
roger@yahoo.com:rogerpassword
sophie@hotmail.com:sophiepass
tom@gmail.com:tom2021
uma@yahoo.com:umasecret
vince@hotmail.com:vincepass
will@gmail.com:will2024!
xena@yahoo.com:xenapassword
yanni@hotmail.com:yannipass
zoe@gmail.com:zoesecret
abby@yahoo.com:abby2021
brad@hotmail.com:bradpass
cara@gmail.com:carapassword
dylan@yahoo.com:dylan2024
ella@hotmail.com:ellasecret
fiona@gmail.com:fionapass
george@yahoo.com:george2021
hannah@hotmail.com:hannahsecret
ian@gmail.com:ianpassword
jenny@yahoo.com:jennypass
kevin@hotmail.com:kevin2024
lily@gmail.com:lilysecret
mike@yahoo.com:mikepassword
nora@hotmail.com:norapass
owen@gmail.com:owen2021
pam@yahoo.com:pamsecret
quinn@hotmail.com:quinnpass
riley@gmail.com:riley2024
steve@yahoo.com:stevesecret
tina@hotmail.com:tinapass
umar@gmail.com:umar2021
vivian@yahoo.com:viviansecret
william@hotmail.com:william2024
xander@gmail.com:xanderpass
yasmin@yahoo.com:yasmin2021
zack@hotmail.com:zackpassword
alison@gmail.com:alisonsecret
bruce@yahoo.com:bruce2024
cindy@hotmail.com:cindypass
david@gmail.com:david2021
ella@yahoo.com:ellapassword
franklin@hotmail.com:franklinpass
grace@gmail.com:grace2024
hank@yahoo.com:hankpassword
irene@hotmail.com:irenepass
jackson@gmail.com:jackson2021
kelsey@yahoo.com:kelseypassword
logan@hotmail.com:loganpass
mia@gmail.com:mia2024
nathan@yahoo.com:nathanpassword
oliver@hotmail.com:oliverpass
paula@gmail.com:paula2021
quentin@yahoo.com:quentinpassword
rebecca@hotmail.com:rebeccapass
sean@gmail.com:sean2024
tara@yahoo.com:tarasecret
uma@hotmail.com:umapassword
victor@gmail.com:victor2024
wanda@yahoo.com:wandapassword
xander@hotmail.com:xanderpass
yasmine@gmail.com:yasmine2021
zoe@yahoo.com:zoesecret
aaron@hotmail.com:aaronpassword
bella@gmail.com:bellapass
charles@yahoo.com:charles2024
diana@hotmail.com:dianasecret
eric@gmail.com:ericpassword
fay@yahoo.com:faypass
gavin@hotmail.com:gavin2021
hannah@gmail.com:hannahsecret
isaac@yahoo.com:isaacpassword
julia@hotmail.com:juliapass
kevin@gmail.com:kevin2024
laura@yahoo.com:laurasecret
mark@hotmail.com:markpassword
nina@gmail.com:ninapass
owen@yahoo.com:owensecret
paul@hotmail.com:paulpassword
quincy@gmail.com:quincypass
rosa@yahoo.com:rosasecret
sam@hotmail.com:sampassword
tina@gmail.com:tinapass
umar@yahoo.com:umarsecret
victor@hotmail.com:victorpassword
will@gmail.com:willpass
xena@yahoo.com:xenasecret
yanni@hotmail.com:yannipassword
zara@gmail.com:zarapass
adam@yahoo.com:adamsecret
beth@hotmail.com:bethpassword
carl@gmail.com:carlpass
dora@yahoo.com:dorasecret
evan@hotmail.com:evanpassword
faye@gmail.com:fayepass
gary@yahoo.com:garysecret
helen@hotmail.com:helenpassword
ian@gmail.com:ianpass
jane@yahoo.com:janesecret
kyle@hotmail.com:kylepassword
lisa@gmail.com:lisapass
matt@yahoo.com:mattsecret
nina@hotmail.com:ninapassword
omar@gmail.com:omarpass
pam@yahoo.com:pamsecret
quinn@hotmail.com:quinnpassword
ruth@gmail.com:ruthpass
steve@yahoo.com:stevesecret
tina@hotmail.com:tinapassword
uma@gmail.com:umapass
victor@yahoo.com:victorsecret
wanda@hotmail.com:wandapassword
xavier@gmail.com:xavierpass
yasmin@yahoo.com:yasminsecret
zack@hotmail.com:zackpassword
alice@gmail.com:alicepass
ben@yahoo.com:bensecret
chloe@hotmail.com:chloepassword
doug@gmail.com:dougpass
emma@yahoo.com:emmasecret
frank@hotmail.com:frankpassword
gina@gmail.com:ginapass
harry@yahoo.com:harrysecret
ivy@hotmail.com:ivypassword
jake@gmail.com:jakepass
kate@yahoo.com:katepass
lucas@hotmail.com:lucassecret
mia@gmail.com:miapassword
nick@yahoo.com:nickpass
olivia@hotmail.com:oliviasecret
peter@gmail.com:peterpassword
quinn@yahoo.com:quinnpass
rachel@hotmail.com:rachelsecret
sam@gmail.com:sampassword
tina@yahoo.com:tinasecret
uma@hotmail.com:umapassword
victor@gmail.com:victorpass
willow@yahoo.com:willowsecret
xander@hotmail.com:xanderpassword
yara@gmail.com:yarapass
zane@yahoo.com:zane2021